Entity,Code,Year,ODA by donor (% of GNI) - Official estimate,1012356-annotations
Australia,AUS,1960,0.37020743,
Australia,AUS,1961,0.4385856,
Australia,AUS,1962,0.42609698,
Australia,AUS,1963,0.50767606,
Australia,AUS,1964,0.4816956,
Australia,AUS,1965,0.5285778,
Australia,AUS,1966,0.5561685,
Australia,AUS,1967,0.6151016,
Australia,AUS,1968,0.56513274,
Australia,AUS,1969,0.5986918,
Australia,AUS,1970,0.6154651,
Australia,AUS,1971,0.5614528,
Australia,AUS,1972,0.6152915,
Australia,AUS,1973,0.46633166,
Australia,AUS,1974,0.5513384,
Australia,AUS,1975,0.6549452,
Australia,AUS,1976,0.40783218,
Australia,AUS,1977,0.4194499,
Australia,AUS,1978,0.54610854,
Australia,AUS,1979,0.52791214,
Australia,AUS,1980,0.4835209,
Australia,AUS,1981,0.41093364,
Australia,AUS,1982,0.56101674,
Australia,AUS,1983,0.4898376,
Australia,AUS,1984,0.45016807,
Australia,AUS,1985,0.4829205,
Australia,AUS,1986,0.46579173,
Australia,AUS,1987,0.3352804,
Australia,AUS,1988,0.4608848,
Australia,AUS,1989,0.37607244,
Australia,AUS,1990,0.3401481,
Australia,AUS,1991,0.37527835,
Australia,AUS,1992,0.36609444,
Australia,AUS,1993,0.34707946,
Australia,AUS,1994,0.3415484,
Australia,AUS,1995,0.34253293,
Australia,AUS,1996,0.2737466,
Australia,AUS,1997,0.27040526,
Australia,AUS,1998,0.27129924,
Australia,AUS,1999,0.25704035,
Australia,AUS,2000,0.26664388,
Australia,AUS,2001,0.25189736,
Australia,AUS,2002,0.2556039,
Australia,AUS,2003,0.24719955,
Australia,AUS,2004,0.24514052,
Australia,AUS,2005,0.24757351,
Australia,AUS,2006,0.2950747,
Australia,AUS,2007,0.32259196,
Australia,AUS,2008,0.31600812,
Australia,AUS,2009,0.2936231,
Australia,AUS,2010,0.32272723,
Australia,AUS,2011,0.34356588,
Australia,AUS,2012,0.3609295,
Australia,AUS,2013,0.33089834,
Australia,AUS,2014,0.31431127,
Australia,AUS,2015,0.29111192,
Australia,AUS,2016,0.2658266,
Australia,AUS,2017,0.23199672,
Australia,AUS,2018,0.22956936,
Australia,AUS,2019,0.21544313,
Australia,AUS,2020,0.21403845,
Australia,AUS,2021,0.22144523,
Australia,AUS,2022,0.18739358,
Australia,AUS,2023,0.19369814,
Austria,AUT,1960,0.0015923565,
Austria,AUT,1961,0.041726615,
Austria,AUT,1962,0.03108108,
Austria,AUT,1963,0.052697614,
Austria,AUT,1964,0.07551487,
Austria,AUT,1965,0.114285715,
Austria,AUT,1966,0.12225461,
Austria,AUT,1967,0.13875115,
Austria,AUT,1968,0.14149486,
Austria,AUT,1969,0.11268598,
Austria,AUT,1970,0.07334946,
Austria,AUT,1971,0.07343619,
Austria,AUT,1972,0.086206056,
Austria,AUT,1973,0.1458885,
Austria,AUT,1974,0.18122476,
Austria,AUT,1975,0.21141574,
Austria,AUT,1976,0.12416184,
Austria,AUT,1977,0.2268434,
Austria,AUT,1978,0.26837295,
Austria,AUT,1979,0.19287401,
Austria,AUT,1980,0.23333551,
Austria,AUT,1981,0.33408818,
Austria,AUT,1982,0.35568878,
Austria,AUT,1983,0.23649265,
Austria,AUT,1984,0.2819926,
Austria,AUT,1985,0.3768923,
Austria,AUT,1986,0.21110757,
Austria,AUT,1987,0.17233665,
Austria,AUT,1988,0.23960537,
Austria,AUT,1989,0.22510153,
Austria,AUT,1990,0.10642488,
Austria,AUT,1991,0.18111844,
Austria,AUT,1992,0.11148865,
Austria,AUT,1993,0.11360857,
Austria,AUT,1994,0.16507548,
Austria,AUT,1995,0.26760286,
Austria,AUT,1996,0.2290349,
Austria,AUT,1997,0.24296936,
Austria,AUT,1998,0.21897289,
Austria,AUT,1999,0.23813441,
Austria,AUT,2000,0.23443575,
Austria,AUT,2001,0.34156105,
Austria,AUT,2002,0.25512367,
Austria,AUT,2003,0.20161313,
Austria,AUT,2004,0.2329082,
Austria,AUT,2005,0.52178115,
Austria,AUT,2006,0.46886617,
Austria,AUT,2007,0.4980585,
Austria,AUT,2008,0.4282754,
Austria,AUT,2009,0.30203867,
Austria,AUT,2010,0.32242185,
Austria,AUT,2011,0.26712698,
Austria,AUT,2012,0.2802159,
Austria,AUT,2013,0.2735214,
Austria,AUT,2014,0.2843688,
Austria,AUT,2015,0.35374853,
Austria,AUT,2016,0.42371136,
Austria,AUT,2017,0.3000435,
Austria,AUT,2018,0.25781927,
Austria,AUT,2019,0.2758194,
Austria,AUT,2020,0.29641077,
Austria,AUT,2021,0.30826622,
Austria,AUT,2022,0.39394525,
Austria,AUT,2023,0.3799405,
Azerbaijan,AZE,2014,0.020988882,
Azerbaijan,AZE,2015,0.018598748,
Azerbaijan,AZE,2016,0.037964333,
Azerbaijan,AZE,2017,0.048168235,
Azerbaijan,AZE,2018,0.06375905,
Azerbaijan,AZE,2019,0.059470825,
Azerbaijan,AZE,2020,0.10461336,
Azerbaijan,AZE,2022,0.060070936,
Azerbaijan,AZE,2023,0.14814119,
Belgium,BEL,1960,0.8827647,
Belgium,BEL,1961,0.7592745,
Belgium,BEL,1962,0.53858024,
Belgium,BEL,1963,0.57255745,
Belgium,BEL,1964,0.4579319,
Belgium,BEL,1965,0.5982332,
Belgium,BEL,1966,0.41704112,
Belgium,BEL,1967,0.45388547,
Belgium,BEL,1968,0.42119616,
Belgium,BEL,1969,0.50047415,
Belgium,BEL,1970,0.4630748,
Belgium,BEL,1971,0.5024587,
Belgium,BEL,1972,0.54761696,
Belgium,BEL,1973,0.5116609,
Belgium,BEL,1974,0.5028249,
Belgium,BEL,1975,0.5972325,
Belgium,BEL,1976,0.4968082,
Belgium,BEL,1977,0.46688733,
Belgium,BEL,1978,0.5503891,
Belgium,BEL,1979,0.5793672,
Belgium,BEL,1980,0.4968511,
Belgium,BEL,1981,0.5889546,
Belgium,BEL,1982,0.57978237,
Belgium,BEL,1983,0.5872636,
Belgium,BEL,1984,0.57515144,
Belgium,BEL,1985,0.54732925,
Belgium,BEL,1986,0.4756377,
Belgium,BEL,1987,0.4791923,
Belgium,BEL,1988,0.39414755,
Belgium,BEL,1989,0.45815963,
Belgium,BEL,1990,0.45584384,
Belgium,BEL,1991,0.41411588,
Belgium,BEL,1992,0.3908198,
Belgium,BEL,1993,0.3905524,
Belgium,BEL,1994,0.3177712,
Belgium,BEL,1995,0.38295248,
Belgium,BEL,1996,0.34248552,
Belgium,BEL,1997,0.31045273,
Belgium,BEL,1998,0.35216734,
Belgium,BEL,1999,0.30344582,
Belgium,BEL,2000,0.35774034,
Belgium,BEL,2001,0.36833116,
Belgium,BEL,2002,0.43246067,
Belgium,BEL,2003,0.60176164,
Belgium,BEL,2004,0.40965313,
Belgium,BEL,2005,0.5257093,
Belgium,BEL,2006,0.49926397,
Belgium,BEL,2007,0.42610684,
Belgium,BEL,2008,0.47860113,
Belgium,BEL,2009,0.5499804,
Belgium,BEL,2010,0.6397109,
Belgium,BEL,2011,0.5362919,
Belgium,BEL,2012,0.4745991,
Belgium,BEL,2013,0.45299003,
Belgium,BEL,2014,0.46302322,
Belgium,BEL,2015,0.41607744,
Belgium,BEL,2016,0.49858806,
Belgium,BEL,2017,0.44532222,
Belgium,BEL,2018,0.43024155,
Belgium,BEL,2019,0.40918142,
Belgium,BEL,2020,0.4783106,
Belgium,BEL,2021,0.43250084,
Belgium,BEL,2022,0.45328507,
Belgium,BEL,2023,0.43614772,
Bulgaria,BGR,2010,0.08707311,
Bulgaria,BGR,2011,0.0928515,
Bulgaria,BGR,2012,0.08028912,
Bulgaria,BGR,2013,0.09709402,
Bulgaria,BGR,2014,0.09012963,
Bulgaria,BGR,2015,0.08589536,
Bulgaria,BGR,2016,0.13444611,
Bulgaria,BGR,2017,0.11162133,
Bulgaria,BGR,2018,0.11044468,
Bulgaria,BGR,2019,0.09538188,
Bulgaria,BGR,2020,0.12890226,
Bulgaria,BGR,2021,0.12079471,
Bulgaria,BGR,2022,0.270292,
Bulgaria,BGR,2023,0.18262473,
Canada,CAN,1960,0.16368912,
Canada,CAN,1961,0.15482485,
Canada,CAN,1962,0.10375997,
Canada,CAN,1963,0.15188208,
Canada,CAN,1964,0.16732538,
Canada,CAN,1965,0.18845192,
Canada,CAN,1966,0.33687115,
Canada,CAN,1967,0.31671223,
Canada,CAN,1968,0.289059,
Canada,CAN,1969,0.29143754,
Canada,CAN,1970,0.41030043,
Canada,CAN,1971,0.4165696,
Canada,CAN,1972,0.44064316,
Canada,CAN,1973,0.41689742,
Canada,CAN,1974,0.47439462,
Canada,CAN,1975,0.5409055,
Canada,CAN,1976,0.45653507,
Canada,CAN,1977,0.50169533,
Canada,CAN,1978,0.52473915,
Canada,CAN,1979,0.47508967,
Canada,CAN,1980,0.4337027,
Canada,CAN,1981,0.430086,
Canada,CAN,1982,0.41400245,
Canada,CAN,1983,0.45130578,
Canada,CAN,1984,0.5000107,
Canada,CAN,1985,0.49089465,
Canada,CAN,1986,0.48228303,
Canada,CAN,1987,0.46896088,
Canada,CAN,1988,0.49767774,
Canada,CAN,1989,0.4387593,
Canada,CAN,1990,0.44094372,
Canada,CAN,1991,0.4547901,
Canada,CAN,1992,0.45896018,
Canada,CAN,1993,0.45128492,
Canada,CAN,1994,0.42673075,
Canada,CAN,1995,0.37725312,
Canada,CAN,1996,0.31725773,
Canada,CAN,1997,0.3419179,
Canada,CAN,1998,0.29576692,
Canada,CAN,1999,0.2771887,
Canada,CAN,2000,0.2547298,
Canada,CAN,2001,0.21728715,
Canada,CAN,2002,0.27905664,
Canada,CAN,2003,0.23789124,
Canada,CAN,2004,0.26780364,
Canada,CAN,2005,0.3374606,
Canada,CAN,2006,0.29375815,
Canada,CAN,2007,0.28939417,
Canada,CAN,2008,0.3254109,
Canada,CAN,2009,0.3030966,
Canada,CAN,2010,0.3364825,
Canada,CAN,2011,0.31969282,
Canada,CAN,2012,0.31587103,
Canada,CAN,2013,0.2749776,
Canada,CAN,2014,0.24099131,
Canada,CAN,2015,0.27958125,
Canada,CAN,2016,0.26055378,
Canada,CAN,2017,0.26409218,
Canada,CAN,2018,0.27682072,
Canada,CAN,2019,0.2748191,
Canada,CAN,2020,0.31061062,
Canada,CAN,2021,0.31916264,
Canada,CAN,2022,0.3702372,
Canada,CAN,2023,0.3768465,
Croatia,HRV,2012,0.039482445,
Croatia,HRV,2013,0.08047126,
Croatia,HRV,2014,0.1262124,
Croatia,HRV,2015,0.09341329,
Croatia,HRV,2016,0.074465744,
Croatia,HRV,2017,0.09853685,
Croatia,HRV,2018,0.13396624,
Croatia,HRV,2019,0.11920252,
Croatia,HRV,2020,0.13104786,
Croatia,HRV,2021,0.12681897,
Croatia,HRV,2022,0.19488674,
Croatia,HRV,2023,0.21274984,
Cyprus,CYP,2005,0.09232982,
Cyprus,CYP,2006,0.14528506,
Cyprus,CYP,2007,0.16975376,
Cyprus,CYP,2008,0.16502894,
Cyprus,CYP,2009,0.19632836,
Cyprus,CYP,2010,0.22702396,
Cyprus,CYP,2011,0.15766837,
Cyprus,CYP,2012,0.1135436,
Cyprus,CYP,2013,0.098171435,
Cyprus,CYP,2014,0.093598306,
Cyprus,CYP,2015,0.08966594,
Cyprus,CYP,2018,0.11967512,
Cyprus,CYP,2019,0.09424924,
Cyprus,CYP,2020,0.05735277,
Cyprus,CYP,2021,0.07377974,
Cyprus,CYP,2022,0.05242241,
Cyprus,CYP,2023,0.038317796,
Czechia,CZE,1998,0.028500881,
Czechia,CZE,1999,0.027924526,
Czechia,CZE,2000,0.032646462,
Czechia,CZE,2001,0.04803177,
Czechia,CZE,2002,0.065354034,
Czechia,CZE,2003,0.11136981,
Czechia,CZE,2004,0.10656344,
Czechia,CZE,2005,0.11399517,
Czechia,CZE,2006,0.12013972,
Czechia,CZE,2007,0.109696776,
Czechia,CZE,2008,0.124194905,
Czechia,CZE,2009,0.11952374,
Czechia,CZE,2010,0.126618,
Czechia,CZE,2011,0.12464772,
Czechia,CZE,2012,0.1205083,
Czechia,CZE,2013,0.11376579,
Czechia,CZE,2014,0.11215098,
Czechia,CZE,2015,0.11767078,
Czechia,CZE,2016,0.14236256,
Czechia,CZE,2017,0.15019213,
Czechia,CZE,2018,0.13181192,
Czechia,CZE,2019,0.1313261,
Czechia,CZE,2020,0.12634255,
Czechia,CZE,2021,0.1349094,
Czechia,CZE,2022,0.37952304,
Czechia,CZE,2023,0.23949014,
DAC EU countries,,1960,0.551031,
DAC EU countries,,1961,0.56982505,
DAC EU countries,,1962,0.5564012,
DAC EU countries,,1963,0.45051134,
DAC EU countries,,1964,0.42151463,
DAC EU countries,,1965,0.40009636,
DAC EU countries,,1966,0.37523228,
DAC EU countries,,1967,0.42457697,
DAC EU countries,,1968,0.41025347,
DAC EU countries,,1969,0.41429457,
DAC EU countries,,1970,0.3475596,
DAC EU countries,,1971,0.3619298,
DAC EU countries,,1972,0.34417897,
DAC EU countries,,1973,0.3334678,
DAC EU countries,,1974,0.36926487,
DAC EU countries,,1975,0.39645576,
DAC EU countries,,1976,0.3742734,
DAC EU countries,,1977,0.3648366,
DAC EU countries,,1978,0.3895843,
DAC EU countries,,1979,0.42372057,
DAC EU countries,,1980,0.38942313,
DAC EU countries,,1981,0.43240646,
DAC EU countries,,1982,0.462842,
DAC EU countries,,1983,0.4363742,
DAC EU countries,,1984,0.4674201,
DAC EU countries,,1985,0.46975726,
DAC EU countries,,1986,0.4719345,
DAC EU countries,,1987,0.45581335,
DAC EU countries,,1988,0.45905277,
DAC EU countries,,1989,0.48684323,
DAC EU countries,,1990,0.4661018,
DAC EU countries,,1991,0.45903707,
DAC EU countries,,1992,0.46550828,
DAC EU countries,,1993,0.4498148,
DAC EU countries,,1994,0.42726728,
DAC EU countries,,1995,0.38178453,
DAC EU countries,,1996,0.37759525,
DAC EU countries,,1997,0.34090853,
DAC EU countries,,1998,0.3271277,
DAC EU countries,,1999,0.31910184,
DAC EU countries,,2000,0.31040582,
DAC EU countries,,2001,0.32504338,
DAC EU countries,,2002,0.3499317,
DAC EU countries,,2003,0.33822817,
DAC EU countries,,2004,0.33238012,
DAC EU countries,,2005,0.41064322,
DAC EU countries,,2006,0.39684606,
DAC EU countries,,2007,0.38468286,
DAC EU countries,,2008,0.40534186,
DAC EU countries,,2009,0.41174924,
DAC EU countries,,2010,0.42083496,
DAC EU countries,,2011,0.4000979,
DAC EU countries,,2012,0.36791208,
DAC EU countries,,2013,0.3656321,
DAC EU countries,,2014,0.3688929,
DAC EU countries,,2015,0.41832823,
DAC EU countries,,2016,0.47831014,
DAC EU countries,,2017,0.4597946,
DAC EU countries,,2018,0.4379482,
DAC EU countries,,2019,0.4311753,
DAC EU countries,,2020,0.49715495,
DAC EU countries,,2021,0.49693495,
DAC EU countries,,2022,0.5771095,
DAC EU countries,,2023,0.52902365,
DAC countries,,1960,0.49315536,Major aid donors in the OECD
DAC countries,,1961,0.5133289,Major aid donors in the OECD
DAC countries,,1962,0.50059015,Major aid donors in the OECD
DAC countries,,1963,0.4823038,Major aid donors in the OECD
DAC countries,,1964,0.45613682,Major aid donors in the OECD
DAC countries,,1965,0.4660864,Major aid donors in the OECD
DAC countries,,1966,0.4283391,Major aid donors in the OECD
DAC countries,,1967,0.39824635,Major aid donors in the OECD
DAC countries,,1968,0.399018,Major aid donors in the OECD
DAC countries,,1969,0.36632568,Major aid donors in the OECD
DAC countries,,1970,0.32834777,Major aid donors in the OECD
DAC countries,,1971,0.32186177,Major aid donors in the OECD
DAC countries,,1972,0.337211,Major aid donors in the OECD
DAC countries,,1973,0.27044708,Major aid donors in the OECD
DAC countries,,1974,0.31430197,Major aid donors in the OECD
DAC countries,,1975,0.33372477,Major aid donors in the OECD
DAC countries,,1976,0.30886865,Major aid donors in the OECD
DAC countries,,1977,0.3088156,Major aid donors in the OECD
DAC countries,,1978,0.33091134,Major aid donors in the OECD
DAC countries,,1979,0.31780297,Major aid donors in the OECD
DAC countries,,1980,0.33556274,Major aid donors in the OECD
DAC countries,,1981,0.315174,Major aid donors in the OECD
DAC countries,,1982,0.35798678,Major aid donors in the OECD
DAC countries,,1983,0.34458333,Major aid donors in the OECD
DAC countries,,1984,0.3512973,Major aid donors in the OECD
DAC countries,,1985,0.3447438,Major aid donors in the OECD
DAC countries,,1986,0.3413478,Major aid donors in the OECD
DAC countries,,1987,0.3176455,Major aid donors in the OECD
DAC countries,,1988,0.32903478,Major aid donors in the OECD
DAC countries,,1989,0.30601966,Major aid donors in the OECD
DAC countries,,1990,0.3225941,Major aid donors in the OECD
DAC countries,,1991,0.32456863,Major aid donors in the OECD
DAC countries,,1992,0.32270357,Major aid donors in the OECD
DAC countries,,1993,0.28801155,Major aid donors in the OECD
DAC countries,,1994,0.2786248,Major aid donors in the OECD
DAC countries,,1995,0.24077459,Major aid donors in the OECD
DAC countries,,1996,0.23530324,Major aid donors in the OECD
DAC countries,,1997,0.21063238,Major aid donors in the OECD
DAC countries,,1998,0.21798182,Major aid donors in the OECD
DAC countries,,1999,0.2115211,Major aid donors in the OECD
DAC countries,,2000,0.21227887,Major aid donors in the OECD
DAC countries,,2001,0.21712852,Major aid donors in the OECD
DAC countries,,2002,0.23184717,Major aid donors in the OECD
DAC countries,,2003,0.23722342,Major aid donors in the OECD
DAC countries,,2004,0.24490915,Major aid donors in the OECD
DAC countries,,2005,0.3131565,Major aid donors in the OECD
DAC countries,,2006,0.28417104,Major aid donors in the OECD
DAC countries,,2007,0.25710422,Major aid donors in the OECD
DAC countries,,2008,0.28269303,Major aid donors in the OECD
DAC countries,,2009,0.29887497,Major aid donors in the OECD
DAC countries,,2010,0.3055348,Major aid donors in the OECD
DAC countries,,2011,0.29810578,Major aid donors in the OECD
DAC countries,,2012,0.2779743,Major aid donors in the OECD
DAC countries,,2013,0.28521365,Major aid donors in the OECD
DAC countries,,2014,0.28405586,Major aid donors in the OECD
DAC countries,,2015,0.29212907,Major aid donors in the OECD
DAC countries,,2016,0.32104144,Major aid donors in the OECD
DAC countries,,2017,0.30888474,Major aid donors in the OECD
DAC countries,,2018,0.2991557,Major aid donors in the OECD
DAC countries,,2019,0.29441732,Major aid donors in the OECD
DAC countries,,2020,0.32021466,Major aid donors in the OECD
DAC countries,,2021,0.3268053,Major aid donors in the OECD
DAC countries,,2022,0.3720998,Major aid donors in the OECD
DAC countries,,2023,0.37223834,Major aid donors in the OECD
Denmark,DNK,1960,0.089075625,
Denmark,DNK,1961,0.12272728,
Denmark,DNK,1962,0.100806445,
Denmark,DNK,1963,0.109987356,
Denmark,DNK,1964,0.11172567,
Denmark,DNK,1965,0.12824802,
Denmark,DNK,1966,0.18941703,
Denmark,DNK,1967,0.21471074,
Denmark,DNK,1968,0.23169357,
Denmark,DNK,1969,0.38272217,
Denmark,DNK,1970,0.37450126,
Denmark,DNK,1971,0.42211884,
Denmark,DNK,1972,0.44298753,
Denmark,DNK,1973,0.4628829,
Denmark,DNK,1974,0.53282636,
Denmark,DNK,1975,0.5497657,
Denmark,DNK,1976,0.51998353,
Denmark,DNK,1977,0.56043553,
Denmark,DNK,1978,0.6967823,
Denmark,DNK,1979,0.7121899,
Denmark,DNK,1980,0.74310017,
Denmark,DNK,1981,0.72711205,
Denmark,DNK,1982,0.7691381,
Denmark,DNK,1983,0.7264802,
Denmark,DNK,1984,0.85063595,
Denmark,DNK,1985,0.8016853,
Denmark,DNK,1986,0.8853758,
Denmark,DNK,1987,0.87582946,
Denmark,DNK,1988,0.89175934,
Denmark,DNK,1989,0.93446094,
Denmark,DNK,1990,0.9441346,
Denmark,DNK,1991,0.96131384,
Denmark,DNK,1992,1.0241387,
Denmark,DNK,1993,1.0338966,
Denmark,DNK,1994,1.0277257,
Denmark,DNK,1995,0.9626432,
Denmark,DNK,1996,1.0443892,
Denmark,DNK,1997,0.9741639,
Denmark,DNK,1998,0.99450713,
Denmark,DNK,1999,1.0085521,
Denmark,DNK,2000,1.0608218,
Denmark,DNK,2001,1.0301445,
Denmark,DNK,2002,0.9641351,
Denmark,DNK,2003,0.83796513,
Denmark,DNK,2004,0.84713113,
Denmark,DNK,2005,0.8116674,
Denmark,DNK,2006,0.79819316,
Denmark,DNK,2007,0.80758363,
Denmark,DNK,2008,0.8173679,
Denmark,DNK,2009,0.88039285,
Denmark,DNK,2010,0.9092189,
Denmark,DNK,2011,0.85211825,
Denmark,DNK,2012,0.8299971,
Denmark,DNK,2013,0.85183483,
Denmark,DNK,2014,0.856006,
Denmark,DNK,2015,0.84736955,
Denmark,DNK,2016,0.75202906,
Denmark,DNK,2017,0.73744905,
Denmark,DNK,2018,0.71848077,
Denmark,DNK,2019,0.7168719,
Denmark,DNK,2020,0.7196069,
Denmark,DNK,2021,0.7107752,
Denmark,DNK,2022,0.67020845,
Denmark,DNK,2023,0.7299924,
Estonia,EST,2004,0.04605576,
Estonia,EST,2005,0.07651232,
Estonia,EST,2006,0.08853022,
Estonia,EST,2007,0.08038939,
Estonia,EST,2008,0.101617575,
Estonia,EST,2009,0.099436216,
Estonia,EST,2010,0.10230978,
Estonia,EST,2011,0.11487125,
Estonia,EST,2012,0.10636842,
Estonia,EST,2013,0.12650561,
Estonia,EST,2014,0.14499643,
Estonia,EST,2015,0.15404391,
Estonia,EST,2016,0.18976219,
Estonia,EST,2017,0.16482493,
Estonia,EST,2018,0.16171832,
Estonia,EST,2019,0.15764791,
Estonia,EST,2020,0.16574544,
Estonia,EST,2021,0.16482252,
Estonia,EST,2022,0.53881925,
Estonia,EST,2023,0.27645233,
Finland,FIN,1961,0.03454545,
Finland,FIN,1962,0.037414964,
Finland,FIN,1963,0.043750003,
Finland,FIN,1964,0.03547067,
Finland,FIN,1965,0.024906602,
Finland,FIN,1966,0.039397452,
Finland,FIN,1967,0.047289506,
Finland,FIN,1968,0.05707196,
Finland,FIN,1969,0.14386946,
Finland,FIN,1970,0.06302131,
Finland,FIN,1971,0.1118399,
Finland,FIN,1972,0.14596297,
Finland,FIN,1973,0.15181716,
Finland,FIN,1974,0.16076653,
Finland,FIN,1975,0.17242984,
Finland,FIN,1976,0.16896147,
Finland,FIN,1977,0.153975,
Finland,FIN,1978,0.15991122,
Finland,FIN,1979,0.21308637,
Finland,FIN,1980,0.21767984,
Finland,FIN,1981,0.2714778,
Finland,FIN,1982,0.2903362,
Finland,FIN,1983,0.31723267,
Finland,FIN,1984,0.35461798,
Finland,FIN,1985,0.40261412,
Finland,FIN,1986,0.45616633,
Finland,FIN,1987,0.50299615,
Finland,FIN,1988,0.59627604,
Finland,FIN,1989,0.63853574,
Finland,FIN,1990,0.6467458,
Finland,FIN,1991,0.79788035,
Finland,FIN,1992,0.639274,
Finland,FIN,1993,0.4514277,
Finland,FIN,1994,0.30915254,
Finland,FIN,1995,0.3117826,
Finland,FIN,1996,0.3294617,
Finland,FIN,1997,0.31553614,
Finland,FIN,1998,0.31492546,
Finland,FIN,1999,0.32981208,
Finland,FIN,2000,0.31082788,
Finland,FIN,2001,0.323616,
Finland,FIN,2002,0.35188043,
Finland,FIN,2003,0.3481786,
Finland,FIN,2004,0.36678177,
Finland,FIN,2005,0.46121356,
Finland,FIN,2006,0.39586633,
Finland,FIN,2007,0.3940702,
Finland,FIN,2008,0.43849754,
Finland,FIN,2009,0.5422741,
Finland,FIN,2010,0.55042315,
Finland,FIN,2011,0.5311243,
Finland,FIN,2012,0.5339151,
Finland,FIN,2013,0.5353424,
Finland,FIN,2014,0.5940666,
Finland,FIN,2015,0.55049264,
Finland,FIN,2016,0.43995944,
Finland,FIN,2017,0.42449683,
Finland,FIN,2018,0.3589621,
Finland,FIN,2019,0.41687655,
Finland,FIN,2020,0.46764266,
Finland,FIN,2021,0.47380054,
Finland,FIN,2022,0.57356256,
Finland,FIN,2023,0.53529197,
France,FRA,1960,1.347577,
France,FRA,1961,1.3578947,
France,FRA,1962,1.2709427,
France,FRA,1963,0.9825044,
France,FRA,1964,0.89535147,
France,FRA,1965,0.75811327,
France,FRA,1966,0.69052476,
France,FRA,1967,0.7090706,
France,FRA,1968,0.66875637,
France,FRA,1969,0.67381495,
France,FRA,1970,0.5187857,
France,FRA,1971,0.5099373,
France,FRA,1972,0.4934382,
France,FRA,1973,0.4254636,
France,FRA,1974,0.44074324,
France,FRA,1975,0.43957153,
France,FRA,1976,0.40638462,
France,FRA,1977,0.38441265,
France,FRA,1978,0.3850275,
France,FRA,1979,0.42278418,
France,FRA,1980,0.43801525,
France,FRA,1981,0.51464254,
France,FRA,1982,0.5596913,
France,FRA,1983,0.56081283,
France,FRA,1984,0.6183522,
France,FRA,1985,0.61405444,
France,FRA,1986,0.55815107,
France,FRA,1987,0.59667647,
France,FRA,1988,0.5751262,
France,FRA,1989,0.6055222,
France,FRA,1990,0.6016596,
France,FRA,1991,0.61568063,
France,FRA,1992,0.6265571,
France,FRA,1993,0.6322653,
France,FRA,1994,0.6170606,
France,FRA,1995,0.5458456,
France,FRA,1996,0.4821452,
France,FRA,1997,0.4373534,
France,FRA,1998,0.38376713,
France,FRA,1999,0.38151854,
France,FRA,2000,0.3048282,
France,FRA,2001,0.30942494,
France,FRA,2002,0.3748968,
France,FRA,2003,0.40314767,
France,FRA,2004,0.41152784,
France,FRA,2005,0.4735896,
France,FRA,2006,0.46768686,
France,FRA,2007,0.37957847,
France,FRA,2008,0.38522744,
France,FRA,2009,0.4706015,
France,FRA,2010,0.4954487,
France,FRA,2011,0.45951983,
France,FRA,2012,0.45268932,
France,FRA,2013,0.4058449,
France,FRA,2014,0.3681134,
France,FRA,2015,0.36765108,
France,FRA,2016,0.3842597,
France,FRA,2017,0.42800108,
France,FRA,2018,0.42748982,
France,FRA,2019,0.44106218,
France,FRA,2020,0.5298599,
France,FRA,2021,0.509646,
France,FRA,2022,0.55955493,
France,FRA,2023,0.48406297,
G7 countries,,1960,0.5285627,"Canada, France, Germany, Italy, Japan, UK and US"
G7 countries,,1961,0.552314,"Canada, France, Germany, Italy, Japan, UK and US"
G7 countries,,1962,0.53907365,"Canada, France, Germany, Italy, Japan, UK and US"
G7 countries,,1963,0.51981294,"Canada, France, Germany, Italy, Japan, UK and US"
G7 countries,,1964,0.49184868,"Canada, France, Germany, Italy, Japan, UK and US"
G7 countries,,1965,0.49472362,"Canada, France, Germany, Italy, Japan, UK and US"
G7 countries,,1966,0.4494056,"Canada, France, Germany, Italy, Japan, UK and US"
G7 countries,,1967,0.41103205,"Canada, France, Germany, Italy, Japan, UK and US"
G7 countries,,1968,0.40978333,"Canada, France, Germany, Italy, Japan, UK and US"
G7 countries,,1969,0.36520642,"Canada, France, Germany, Italy, Japan, UK and US"
G7 countries,,1970,0.3217782,"Canada, France, Germany, Italy, Japan, UK and US"
G7 countries,,1971,0.31445286,"Canada, France, Germany, Italy, Japan, UK and US"
G7 countries,,1972,0.3238193,"Canada, France, Germany, Italy, Japan, UK and US"
G7 countries,,1973,0.25385135,"Canada, France, Germany, Italy, Japan, UK and US"
G7 countries,,1974,0.29568443,"Canada, France, Germany, Italy, Japan, UK and US"
G7 countries,,1975,0.30337626,"Canada, France, Germany, Italy, Japan, UK and US"
G7 countries,,1976,0.28189903,"Canada, France, Germany, Italy, Japan, UK and US"
G7 countries,,1977,0.27760154,"Canada, France, Germany, Italy, Japan, UK and US"
G7 countries,,1978,0.29812324,"Canada, France, Germany, Italy, Japan, UK and US"
G7 countries,,1979,0.27880043,"Canada, France, Germany, Italy, Japan, UK and US"
G7 countries,,1980,0.3120349,"Canada, France, Germany, Italy, Japan, UK and US"
G7 countries,,1981,0.28373298,"Canada, France, Germany, Italy, Japan, UK and US"
G7 countries,,1982,0.32444102,"Canada, France, Germany, Italy, Japan, UK and US"
G7 countries,,1983,0.3192411,"Canada, France, Germany, Italy, Japan, UK and US"
G7 countries,,1984,0.32408136,"Canada, France, Germany, Italy, Japan, UK and US"
G7 countries,,1985,0.3153139,"Canada, France, Germany, Italy, Japan, UK and US"
G7 countries,,1986,0.31021613,"Canada, France, Germany, Italy, Japan, UK and US"
G7 countries,,1987,0.2924868,"Canada, France, Germany, Italy, Japan, UK and US"
G7 countries,,1988,0.30282995,"Canada, France, Germany, Italy, Japan, UK and US"
G7 countries,,1989,0.27604225,"Canada, France, Germany, Italy, Japan, UK and US"
G7 countries,,1990,0.29672912,"Canada, France, Germany, Italy, Japan, UK and US"
G7 countries,,1991,0.2960574,"Canada, France, Germany, Italy, Japan, UK and US"
G7 countries,,1992,0.29222432,"Canada, France, Germany, Italy, Japan, UK and US"
G7 countries,,1993,0.2585112,"Canada, France, Germany, Italy, Japan, UK and US"
G7 countries,,1994,0.24807644,"Canada, France, Germany, Italy, Japan, UK and US"
G7 countries,,1995,0.20603566,"Canada, France, Germany, Italy, Japan, UK and US"
G7 countries,,1996,0.20238529,"Canada, France, Germany, Italy, Japan, UK and US"
G7 countries,,1997,0.17250098,"Canada, France, Germany, Italy, Japan, UK and US"
G7 countries,,1998,0.18368705,"Canada, France, Germany, Italy, Japan, UK and US"
G7 countries,,1999,0.1761316,"Canada, France, Germany, Italy, Japan, UK and US"
G7 countries,,2000,0.17612264,"Canada, France, Germany, Italy, Japan, UK and US"
G7 countries,,2001,0.1776845,"Canada, France, Germany, Italy, Japan, UK and US"
G7 countries,,2002,0.19427988,"Canada, France, Germany, Italy, Japan, UK and US"
G7 countries,,2003,0.20464002,"Canada, France, Germany, Italy, Japan, UK and US"
G7 countries,,2004,0.2151753,"Canada, France, Germany, Italy, Japan, UK and US"
G7 countries,,2005,0.28828695,"Canada, France, Germany, Italy, Japan, UK and US"
G7 countries,,2006,0.25226066,"Canada, France, Germany, Italy, Japan, UK and US"
G7 countries,,2007,0.21564439,"Canada, France, Germany, Italy, Japan, UK and US"
G7 countries,,2008,0.24345228,"Canada, France, Germany, Italy, Japan, UK and US"
G7 countries,,2009,0.2589832,"Canada, France, Germany, Italy, Japan, UK and US"
G7 countries,,2010,0.26852885,"Canada, France, Germany, Italy, Japan, UK and US"
G7 countries,,2011,0.26653984,"Canada, France, Germany, Italy, Japan, UK and US"
G7 countries,,2012,0.24835326,"Canada, France, Germany, Italy, Japan, UK and US"
G7 countries,,2013,0.2579951,"Canada, France, Germany, Italy, Japan, UK and US"
G7 countries,,2014,0.2580704,"Canada, France, Germany, Italy, Japan, UK and US"
G7 countries,,2015,0.26152503,"Canada, France, Germany, Italy, Japan, UK and US"
G7 countries,,2016,0.29561037,"Canada, France, Germany, Italy, Japan, UK and US"
G7 countries,,2017,0.29320902,"Canada, France, Germany, Italy, Japan, UK and US"
G7 countries,,2018,0.28257772,"Canada, France, Germany, Italy, Japan, UK and US"
G7 countries,,2019,0.27725825,"Canada, France, Germany, Italy, Japan, UK and US"
G7 countries,,2020,0.30293664,"Canada, France, Germany, Italy, Japan, UK and US"
G7 countries,,2021,0.31664658,"Canada, France, Germany, Italy, Japan, UK and US"
G7 countries,,2022,0.35835734,"Canada, France, Germany, Italy, Japan, UK and US"
G7 countries,,2023,0.36099756,"Canada, France, Germany, Italy, Japan, UK and US"
Germany,DEU,1960,0.30980137,
Germany,DEU,1961,0.44556144,
Germany,DEU,1962,0.44948676,
Germany,DEU,1963,0.40711853,
Germany,DEU,1964,0.4374643,
Germany,DEU,1965,0.39799213,
Germany,DEU,1966,0.3441116,
Germany,DEU,1967,0.41223416,
Germany,DEU,1968,0.41738805,
Germany,DEU,1969,0.37993443,
Germany,DEU,1970,0.3244284,
Germany,DEU,1971,0.34093165,
Germany,DEU,1972,0.31568915,
Germany,DEU,1973,0.32008272,
Germany,DEU,1974,0.37662545,
Germany,DEU,1975,0.4040806,
Germany,DEU,1976,0.35599843,
Germany,DEU,1977,0.33234078,
Germany,DEU,1978,0.36501846,
Germany,DEU,1979,0.44531444,
Germany,DEU,1980,0.4383222,
Germany,DEU,1981,0.46531162,
Germany,DEU,1982,0.4792661,
Germany,DEU,1983,0.4843262,
Germany,DEU,1984,0.44900098,
Germany,DEU,1985,0.47188085,
Germany,DEU,1986,0.42680237,
Germany,DEU,1987,0.3908257,
Germany,DEU,1988,0.3921152,
Germany,DEU,1989,0.41182423,
Germany,DEU,1990,0.42097256,
Germany,DEU,1991,0.38723752,
Germany,DEU,1992,0.3729831,
Germany,DEU,1993,0.35410735,
Germany,DEU,1994,0.32709464,
Germany,DEU,1995,0.30775064,
Germany,DEU,1996,0.32029372,
Germany,DEU,1997,0.27759883,
Germany,DEU,1998,0.26053837,
Germany,DEU,1999,0.26385033,
Germany,DEU,2000,0.270087,
Germany,DEU,2001,0.2710066,
Germany,DEU,2002,0.26790935,
Germany,DEU,2003,0.28401655,
Germany,DEU,2004,0.27606466,
Germany,DEU,2005,0.36035067,
Germany,DEU,2006,0.3560394,
Germany,DEU,2007,0.3668543,
Germany,DEU,2008,0.3828265,
Germany,DEU,2009,0.35491878,
Germany,DEU,2010,0.38670075,
Germany,DEU,2011,0.3867931,
Germany,DEU,2012,0.37175986,
Germany,DEU,2013,0.38086578,
Germany,DEU,2014,0.4187346,
Germany,DEU,2015,0.52317643,
Germany,DEU,2016,0.6992964,
Germany,DEU,2017,0.66740507,
Germany,DEU,2018,0.61191183,
Germany,DEU,2019,0.61151004,
Germany,DEU,2020,0.73418796,
Germany,DEU,2021,0.76499486,
Germany,DEU,2022,0.8470951,
Germany,DEU,2023,0.8175415,
Greece,GRC,1996,0.1488994,
Greece,GRC,1997,0.14412247,
Greece,GRC,1998,0.14862184,
Greece,GRC,1999,0.15487376,
Greece,GRC,2000,0.20193718,
Greece,GRC,2001,0.17197274,
Greece,GRC,2002,0.20706092,
Greece,GRC,2003,0.20947137,
Greece,GRC,2004,0.15703873,
Greece,GRC,2005,0.17156048,
Greece,GRC,2006,0.17298049,
Greece,GRC,2007,0.16238883,
Greece,GRC,2008,0.21077928,
Greece,GRC,2009,0.18883017,
Greece,GRC,2010,0.17124121,
Greece,GRC,2011,0.14670172,
Greece,GRC,2012,0.13082612,
Greece,GRC,2013,0.099000216,
Greece,GRC,2014,0.1054839,
Greece,GRC,2015,0.12191958,
Greece,GRC,2016,0.18915118,
Greece,GRC,2017,0.15624839,
Greece,GRC,2018,0.13322748,
Greece,GRC,2019,0.1751554,
Greece,GRC,2020,0.17313975,
Greece,GRC,2021,0.15721515,
Greece,GRC,2022,0.16527249,
Greece,GRC,2023,0.14284708,
Hungary,HUN,2003,0.026836729,
Hungary,HUN,2004,0.07374308,
Hungary,HUN,2005,0.107406996,
Hungary,HUN,2006,0.13008752,
Hungary,HUN,2007,0.077052124,
Hungary,HUN,2008,0.075142294,
Hungary,HUN,2009,0.09522811,
Hungary,HUN,2010,0.09232205,
Hungary,HUN,2011,0.10773331,
Hungary,HUN,2012,0.09919327,
Hungary,HUN,2013,0.10302986,
Hungary,HUN,2014,0.10893242,
Hungary,HUN,2015,0.1339742,
Hungary,HUN,2016,0.16605209,
Hungary,HUN,2017,0.11080572,
Hungary,HUN,2018,0.2090962,
Hungary,HUN,2019,0.21258536,
Hungary,HUN,2020,0.27082288,
Hungary,HUN,2021,0.28065082,
Hungary,HUN,2022,0.25908124,
Hungary,HUN,2023,0.12973689,
Iceland,ISL,1990,0.031172022,
Iceland,ISL,1991,0.12289712,
Iceland,ISL,1992,0.07324861,
Iceland,ISL,1993,0.11359917,
Iceland,ISL,1994,0.09951999,
Iceland,ISL,1997,0.10790166,
Iceland,ISL,1998,0.08839852,
Iceland,ISL,1999,0.08973448,
Iceland,ISL,2000,0.104048334,
Iceland,ISL,2001,0.13211133,
Iceland,ISL,2002,0.1518425,
Iceland,ISL,2003,0.16677685,
Iceland,ISL,2004,0.17721716,
Iceland,ISL,2005,0.17538035,
Iceland,ISL,2006,0.26907864,
Iceland,ISL,2007,0.26524252,
Iceland,ISL,2008,0.35570008,
Iceland,ISL,2009,0.3253766,
Iceland,ISL,2010,0.25853106,
Iceland,ISL,2011,0.19920427,
Iceland,ISL,2012,0.20278478,
Iceland,ISL,2013,0.2283105,
Iceland,ISL,2014,0.2207751,
Iceland,ISL,2015,0.23952197,
Iceland,ISL,2016,0.28439042,
Iceland,ISL,2017,0.28377149,
Iceland,ISL,2018,0.28492904,
Iceland,ISL,2019,0.24868684,
Iceland,ISL,2020,0.26887962,
Iceland,ISL,2021,0.27725488,
Iceland,ISL,2022,0.33839956,
Iceland,ISL,2023,0.3493798,
Ireland,IRL,1974,0.085929714,
Ireland,IRL,1975,0.09049775,
Ireland,IRL,1976,0.10148246,
Ireland,IRL,1977,0.087295085,
Ireland,IRL,1978,0.20329098,
Ireland,IRL,1979,0.18836406,
Ireland,IRL,1980,0.1630899,
Ireland,IRL,1981,0.16055466,
Ireland,IRL,1982,0.26562324,
Ireland,IRL,1983,0.196028,
Ireland,IRL,1984,0.21691427,
Ireland,IRL,1985,0.24133055,
Ireland,IRL,1986,0.28322515,
Ireland,IRL,1987,0.19354717,
Ireland,IRL,1988,0.20015563,
Ireland,IRL,1989,0.16864632,
Ireland,IRL,1990,0.16,
Ireland,IRL,1991,0.1886198,
Ireland,IRL,1992,0.16446261,
Ireland,IRL,1993,0.20161013,
Ireland,IRL,1994,0.25323257,
Ireland,IRL,1995,0.28519616,
Ireland,IRL,1996,0.305913,
Ireland,IRL,1997,0.31450704,
Ireland,IRL,1998,0.29640928,
Ireland,IRL,1999,0.31165788,
Ireland,IRL,2000,0.29495046,
Ireland,IRL,2001,0.33070123,
Ireland,IRL,2002,0.40232447,
Ireland,IRL,2003,0.39462712,
Ireland,IRL,2004,0.38892093,
Ireland,IRL,2005,0.41959897,
Ireland,IRL,2006,0.5408816,
Ireland,IRL,2007,0.55153316,
Ireland,IRL,2008,0.5904716,
Ireland,IRL,2009,0.5446806,
Ireland,IRL,2010,0.522686,
Ireland,IRL,2011,0.5121023,
Ireland,IRL,2012,0.46980822,
Ireland,IRL,2013,0.4619403,
Ireland,IRL,2014,0.375105,
Ireland,IRL,2015,0.31761158,
Ireland,IRL,2016,0.31868666,
Ireland,IRL,2017,0.31739953,
Ireland,IRL,2018,0.31434107,
Ireland,IRL,2019,0.31566453,
Ireland,IRL,2020,0.30549127,
Ireland,IRL,2021,0.30189562,
Ireland,IRL,2022,0.63036335,
Ireland,IRL,2023,0.67072827,
Israel,ISR,2001,0.081163175,
Israel,ISR,2002,0.12429963,
Israel,ISR,2003,0.10030691,
Israel,ISR,2004,0.070522755,
Israel,ISR,2005,0.07490678,
Israel,ISR,2006,0.063488595,
Israel,ISR,2007,0.06853,
Israel,ISR,2008,0.06931804,
Israel,ISR,2009,0.06493789,
Israel,ISR,2010,0.06883888,
Israel,ISR,2011,0.08709199,
Israel,ISR,2012,0.07259355,
Israel,ISR,2013,0.070623666,
Israel,ISR,2014,0.06675192,
Israel,ISR,2015,0.078830644,
Israel,ISR,2016,0.111414865,
Israel,ISR,2017,0.11601541,
Israel,ISR,2018,0.09887984,
Israel,ISR,2019,0.07158533,
Israel,ISR,2020,0.07307406,
Israel,ISR,2021,0.08605491,
Israel,ISR,2022,0.09001427,
Israel,ISR,2023,0.08418926,
Italy,ITA,1960,0.21935853,
Italy,ITA,1961,0.15337108,
Italy,ITA,1962,0.18337913,
Italy,ITA,1963,0.14054379,
Italy,ITA,1964,0.08703602,
Italy,ITA,1965,0.10185027,
Italy,ITA,1966,0.1230033,
Italy,ITA,1967,0.22063062,
Italy,ITA,1968,0.19304691,
Italy,ITA,1969,0.1554649,
Italy,ITA,1970,0.14573824,
Italy,ITA,1971,0.16466103,
Italy,ITA,1972,0.078823134,
Italy,ITA,1973,0.12442635,
Italy,ITA,1974,0.12722982,
Italy,ITA,1975,0.09533671,
Italy,ITA,1976,0.120695636,
Italy,ITA,1977,0.09216905,
Italy,ITA,1978,0.14384125,
Italy,ITA,1979,0.08376136,
Italy,ITA,1980,0.14988318,
Italy,ITA,1981,0.16164084,
Italy,ITA,1982,0.20115422,
Italy,ITA,1983,0.20048192,
Italy,ITA,1984,0.2761801,
Italy,ITA,1985,0.26018918,
Italy,ITA,1986,0.40019643,
Italy,ITA,1987,0.34830245,
Italy,ITA,1988,0.3864348,
Italy,ITA,1989,0.4210741,
Italy,ITA,1990,0.31397724,
Italy,ITA,1991,0.2952609,
Italy,ITA,1992,0.34344584,
Italy,ITA,1993,0.31172,
Italy,ITA,1994,0.26841578,
Italy,ITA,1995,0.15030894,
Italy,ITA,1996,0.1989608,
Italy,ITA,1997,0.110470705,
Italy,ITA,1998,0.1954467,
Italy,ITA,1999,0.15419552,
Italy,ITA,2000,0.12810978,
Italy,ITA,2001,0.1501589,
Italy,ITA,2002,0.19856554,
Italy,ITA,2003,0.16732644,
Italy,ITA,2004,0.14745936,
Italy,ITA,2005,0.28997013,
Italy,ITA,2006,0.19715032,
Italy,ITA,2007,0.18990308,
Italy,ITA,2008,0.21767321,
Italy,ITA,2009,0.15843472,
Italy,ITA,2010,0.14804918,
Italy,ITA,2011,0.19820146,
Italy,ITA,2012,0.13698661,
Italy,ITA,2013,0.16660963,
Italy,ITA,2014,0.18721916,
Italy,ITA,2015,0.22095822,
Italy,ITA,2016,0.27468187,
Italy,ITA,2017,0.3010205,
Italy,ITA,2018,0.24862404,
Italy,ITA,2019,0.21856411,
Italy,ITA,2020,0.22341055,
Italy,ITA,2021,0.28638217,
Italy,ITA,2022,0.32717884,
Italy,ITA,2023,0.27193058,
Japan,JPN,1960,0.24413471,
Japan,JPN,1961,0.20289856,
Japan,JPN,1962,0.14484634,
Japan,JPN,1963,0.20247205,
Japan,JPN,1964,0.14408362,
Japan,JPN,1965,0.2745297,
Japan,JPN,1966,0.27888563,
Japan,JPN,1967,0.31824562,
Japan,JPN,1968,0.24827586,
Japan,JPN,1969,0.2600442,
Japan,JPN,1970,0.22544724,
Japan,JPN,1971,0.22251315,
Japan,JPN,1972,0.203889,
Japan,JPN,1973,0.2453162,
Japan,JPN,1974,0.24512556,
Japan,JPN,1975,0.23054688,
Japan,JPN,1976,0.19775173,
Japan,JPN,1977,0.2074526,
Japan,JPN,1978,0.2300191,
Japan,JPN,1979,0.26884052,
Japan,JPN,1980,0.32237422,
Japan,JPN,1981,0.27749214,
Japan,JPN,1982,0.28437743,
Japan,JPN,1983,0.32456854,
Japan,JPN,1984,0.3435443,
Japan,JPN,1985,0.28547794,
Japan,JPN,1986,0.28707698,
Japan,JPN,1987,0.30789405,
Japan,JPN,1988,0.31939292,
Japan,JPN,1989,0.31021526,
Japan,JPN,1990,0.3063363,
Japan,JPN,1991,0.32296345,
Japan,JPN,1992,0.30173993,
Japan,JPN,1993,0.2661349,
Japan,JPN,1994,0.2860188,
Japan,JPN,1995,0.27174503,
Japan,JPN,1996,0.19896145,
Japan,JPN,1997,0.21420296,
Japan,JPN,1998,0.26640227,
Japan,JPN,1999,0.2669651,
Japan,JPN,2000,0.2809721,
Japan,JPN,2001,0.23195885,
Japan,JPN,2002,0.22835542,
Japan,JPN,2003,0.202931,
Japan,JPN,2004,0.18748519,
Japan,JPN,2005,0.2807594,
Japan,JPN,2006,0.24823146,
Japan,JPN,2007,0.17014368,
Japan,JPN,2008,0.19040932,
Japan,JPN,2009,0.18273598,
Japan,JPN,2010,0.19643207,
Japan,JPN,2011,0.18207908,
Japan,JPN,2012,0.17314775,
Japan,JPN,2013,0.2248569,
Japan,JPN,2014,0.19812986,
Japan,JPN,2015,0.20210794,
Japan,JPN,2016,0.20367038,
Japan,JPN,2017,0.22769848,
Japan,JPN,2018,0.27580547,
Japan,JPN,2019,0.29157457,
Japan,JPN,2020,0.31129137,
Japan,JPN,2021,0.33604956,
Japan,JPN,2022,0.3873796,
Japan,JPN,2023,0.44033563,
Kazakhstan,KAZ,2013,0.0041095503,
Kazakhstan,KAZ,2014,0.017632933,
Kazakhstan,KAZ,2015,0.02478224,
Kazakhstan,KAZ,2016,0.025441587,
Kazakhstan,KAZ,2017,0.024901057,
Kazakhstan,KAZ,2018,0.027180618,
Kazakhstan,KAZ,2019,0.021669447,
Kazakhstan,KAZ,2020,0.02378984,
Kazakhstan,KAZ,2021,0.02522243,
Kazakhstan,KAZ,2022,0.01844409,
Kuwait,KWT,2016,0.869988,
Kuwait,KWT,2017,0.41115162,
Kuwait,KWT,2018,0.5224722,
Kuwait,KWT,2019,0.24509802,
Kuwait,KWT,2020,0.2765627,
Kuwait,KWT,2021,0.28704602,
Kuwait,KWT,2022,0.15711366,
Kuwait,KWT,2023,0.042461243,
Latvia,LVA,2003,0.00799039,
Latvia,LVA,2004,0.062126167,
Latvia,LVA,2005,0.066458784,
Latvia,LVA,2006,0.060424663,
Latvia,LVA,2007,0.05993547,
Latvia,LVA,2008,0.06585143,
Latvia,LVA,2009,0.074495174,
Latvia,LVA,2010,0.06374463,
Latvia,LVA,2011,0.06773312,
Latvia,LVA,2012,0.07467356,
Latvia,LVA,2013,0.07641606,
Latvia,LVA,2014,0.08025063,
Latvia,LVA,2015,0.08569119,
Latvia,LVA,2016,0.10872303,
Latvia,LVA,2017,0.10547642,
Latvia,LVA,2018,0.10179615,
Latvia,LVA,2019,0.102200486,
Latvia,LVA,2020,0.12252739,
Latvia,LVA,2021,0.12195247,
Latvia,LVA,2022,0.3576079,
Latvia,LVA,2023,0.34167016,
Liechtenstein,LIE,2007,0.4359164,
Liechtenstein,LIE,2008,0.5249233,
Liechtenstein,LIE,2009,0.6755921,
Liechtenstein,LIE,2010,0.62118036,
Liechtenstein,LIE,2011,0.69340986,
Liechtenstein,LIE,2012,0.75085324,
Liechtenstein,LIE,2013,0.6430034,
Liechtenstein,LIE,2014,0.5041505,
Liechtenstein,LIE,2015,0.4691407,
Liechtenstein,LIE,2016,0.41030556,
Liechtenstein,LIE,2017,0.3577224,
Liechtenstein,LIE,2018,0.3702386,
Liechtenstein,LIE,2019,0.40632313,
Liechtenstein,LIE,2020,0.40789422,
Lithuania,LTU,2003,0.010774556,
Lithuania,LTU,2004,0.041751266,
Lithuania,LTU,2005,0.061604742,
Lithuania,LTU,2006,0.07689959,
Lithuania,LTU,2007,0.11219916,
Lithuania,LTU,2008,0.10999754,
Lithuania,LTU,2009,0.11090019,
Lithuania,LTU,2010,0.104677886,
Lithuania,LTU,2011,0.12513968,
Lithuania,LTU,2012,0.12716617,
Lithuania,LTU,2013,0.11384347,
Lithuania,LTU,2014,0.09756637,
Lithuania,LTU,2015,0.12144381,
Lithuania,LTU,2016,0.13913882,
Lithuania,LTU,2017,0.12973309,
Lithuania,LTU,2018,0.12142763,
Lithuania,LTU,2019,0.12816434,
Lithuania,LTU,2020,0.13291974,
Lithuania,LTU,2021,0.13702206,
Lithuania,LTU,2022,0.35812634,
Lithuania,LTU,2023,0.30339345,
Luxembourg,LUX,1980,0.11111111,
Luxembourg,LUX,1981,0.13157895,
Luxembourg,LUX,1982,0.09756098,
Luxembourg,LUX,1983,0.090909086,
Luxembourg,LUX,1984,0.1574468,
Luxembourg,LUX,1985,0.17142859,
Luxembourg,LUX,1986,0.16470586,
Luxembourg,LUX,1987,0.17317076,
Luxembourg,LUX,1988,0.2032967,
Luxembourg,LUX,1989,0.19052632,
Luxembourg,LUX,1990,0.21344538,
Luxembourg,LUX,1991,0.32828522,
Luxembourg,LUX,1992,0.26125002,
Luxembourg,LUX,1993,0.35442856,
Luxembourg,LUX,1994,0.40220198,
Luxembourg,LUX,1995,0.36469162,
Luxembourg,LUX,1996,0.43739372,
Luxembourg,LUX,1997,0.5457958,
Luxembourg,LUX,1998,0.6475385,
Luxembourg,LUX,1999,0.65946513,
Luxembourg,LUX,2000,0.6960459,
Luxembourg,LUX,2001,0.77375627,
Luxembourg,LUX,2002,0.78263056,
Luxembourg,LUX,2003,0.8565955,
Luxembourg,LUX,2004,0.7905381,
Luxembourg,LUX,2005,0.793215,
Luxembourg,LUX,2006,0.88967335,
Luxembourg,LUX,2007,0.9239942,
Luxembourg,LUX,2008,0.9680453,
Luxembourg,LUX,2009,1.0428364,
Luxembourg,LUX,2010,1.0465508,
Luxembourg,LUX,2011,0.972954,
Luxembourg,LUX,2012,1.0037982,
Luxembourg,LUX,2013,1.0016296,
Luxembourg,LUX,2014,1.064334,
Luxembourg,LUX,2015,0.9522968,
Luxembourg,LUX,2016,1.000769,
Luxembourg,LUX,2017,0.9957398,
Luxembourg,LUX,2018,0.9838159,
Luxembourg,LUX,2019,1.0340086,
Luxembourg,LUX,2020,1.0304474,
Luxembourg,LUX,2021,0.9878521,
Luxembourg,LUX,2022,0.9956617,
Luxembourg,LUX,2023,0.98616445,
Malta,MLT,2009,0.18205173,
Malta,MLT,2010,0.17963791,
Malta,MLT,2011,0.24750389,
Malta,MLT,2012,0.23434356,
Malta,MLT,2013,0.20410535,
Malta,MLT,2014,0.20164599,
Malta,MLT,2015,0.17424957,
Malta,MLT,2016,0.19918291,
Malta,MLT,2017,0.21205677,
Malta,MLT,2018,0.24756101,
Malta,MLT,2019,0.30369496,
Malta,MLT,2020,0.40152943,
Malta,MLT,2021,0.3175782,
Malta,MLT,2022,0.36450067,
Malta,MLT,2023,0.34191534,
Monaco,MCO,2023,0.2591425,
Netherlands,NLD,1960,0.31377777,
Netherlands,NLD,1961,0.45080647,
Netherlands,NLD,1962,0.48507467,
Netherlands,NLD,1963,0.2589041,
Netherlands,NLD,1964,0.28654632,
Netherlands,NLD,1965,0.3632568,
Netherlands,NLD,1966,0.4507921,
Netherlands,NLD,1967,0.4949411,
Netherlands,NLD,1968,0.48693252,
Netherlands,NLD,1969,0.49895397,
Netherlands,NLD,1970,0.6175472,
Netherlands,NLD,1971,0.58214384,
Netherlands,NLD,1972,0.6677553,
Netherlands,NLD,1973,0.53158414,
Netherlands,NLD,1974,0.6113853,
Netherlands,NLD,1975,0.7358292,
Netherlands,NLD,1976,0.80090153,
Netherlands,NLD,1977,0.8089564,
Netherlands,NLD,1978,0.7829486,
Netherlands,NLD,1979,0.9359305,
Netherlands,NLD,1980,0.96527106,
Netherlands,NLD,1981,1.0714326,
Netherlands,NLD,1982,1.072629,
Netherlands,NLD,1983,0.9073794,
Netherlands,NLD,1984,1.024716,
Netherlands,NLD,1985,0.9114264,
Netherlands,NLD,1986,1.0057673,
Netherlands,NLD,1987,0.976263,
Netherlands,NLD,1988,0.9841555,
Netherlands,NLD,1989,0.9364317,
Netherlands,NLD,1990,0.9167464,
Netherlands,NLD,1991,0.87686193,
Netherlands,NLD,1992,0.8572696,
Netherlands,NLD,1993,0.8172457,
Netherlands,NLD,1994,0.7598659,
Netherlands,NLD,1995,0.8126555,
Netherlands,NLD,1996,0.81361866,
Netherlands,NLD,1997,0.8063929,
Netherlands,NLD,1998,0.79963106,
Netherlands,NLD,1999,0.7912762,
Netherlands,NLD,2000,0.8367345,
Netherlands,NLD,2001,0.8217631,
Netherlands,NLD,2002,0.81053627,
Netherlands,NLD,2003,0.79533255,
Netherlands,NLD,2004,0.7334884,
Netherlands,NLD,2005,0.81881416,
Netherlands,NLD,2006,0.80636156,
Netherlands,NLD,2007,0.807893,
Netherlands,NLD,2008,0.8046877,
Netherlands,NLD,2009,0.82051355,
Netherlands,NLD,2010,0.81485987,
Netherlands,NLD,2011,0.7533479,
Netherlands,NLD,2012,0.7097011,
Netherlands,NLD,2013,0.66876537,
Netherlands,NLD,2014,0.6350519,
Netherlands,NLD,2015,0.7486797,
Netherlands,NLD,2016,0.64874315,
Netherlands,NLD,2017,0.60368735,
Netherlands,NLD,2018,0.6192955,
Netherlands,NLD,2019,0.58681613,
Netherlands,NLD,2020,0.59234893,
Netherlands,NLD,2021,0.52365863,
Netherlands,NLD,2022,0.6680739,
Netherlands,NLD,2023,0.66376024,
New Zealand,NZL,1961,0.2337662,
New Zealand,NZL,1962,0.18265952,
New Zealand,NZL,1963,0.18032058,
New Zealand,NZL,1964,0.18541157,
New Zealand,NZL,1965,0.17873941,
New Zealand,NZL,1966,0.16654599,
New Zealand,NZL,1967,0.16724738,
New Zealand,NZL,1968,0.20824741,
New Zealand,NZL,1969,0.21845573,
New Zealand,NZL,1970,0.22495894,
New Zealand,NZL,1971,0.22901809,
New Zealand,NZL,1972,0.2509153,
New Zealand,NZL,1973,0.22158043,
New Zealand,NZL,1974,0.3146068,
New Zealand,NZL,1975,0.52393854,
New Zealand,NZL,1976,0.41087848,
New Zealand,NZL,1977,0.38874078,
New Zealand,NZL,1978,0.33753377,
New Zealand,NZL,1979,0.33986345,
New Zealand,NZL,1980,0.32536572,
New Zealand,NZL,1981,0.2901774,
New Zealand,NZL,1982,0.27784646,
New Zealand,NZL,1983,0.27897757,
New Zealand,NZL,1984,0.24832033,
New Zealand,NZL,1985,0.25258788,
New Zealand,NZL,1986,0.29586777,
New Zealand,NZL,1987,0.26113206,
New Zealand,NZL,1988,0.26917192,
New Zealand,NZL,1989,0.2184815,
New Zealand,NZL,1990,0.23069642,
New Zealand,NZL,1991,0.24893686,
New Zealand,NZL,1992,0.25830165,
New Zealand,NZL,1993,0.24670106,
New Zealand,NZL,1994,0.2388414,
New Zealand,NZL,1995,0.22836344,
New Zealand,NZL,1996,0.20672274,
New Zealand,NZL,1997,0.26423818,
New Zealand,NZL,1998,0.2656554,
New Zealand,NZL,1999,0.26853955,
New Zealand,NZL,2000,0.25150496,
New Zealand,NZL,2001,0.25429156,
New Zealand,NZL,2002,0.22241378,
New Zealand,NZL,2003,0.22570807,
New Zealand,NZL,2004,0.23404591,
New Zealand,NZL,2005,0.2711857,
New Zealand,NZL,2006,0.26788953,
New Zealand,NZL,2007,0.26637354,
New Zealand,NZL,2008,0.30393514,
New Zealand,NZL,2009,0.27771714,
New Zealand,NZL,2010,0.2553337,
New Zealand,NZL,2011,0.27612236,
New Zealand,NZL,2012,0.27650967,
New Zealand,NZL,2013,0.26248392,
New Zealand,NZL,2014,0.26946402,
New Zealand,NZL,2015,0.26514095,
New Zealand,NZL,2016,0.2530657,
New Zealand,NZL,2017,0.2309567,
New Zealand,NZL,2018,0.2846119,
New Zealand,NZL,2019,0.27566618,
New Zealand,NZL,2020,0.26005098,
New Zealand,NZL,2021,0.28005734,
New Zealand,NZL,2022,0.21752611,
New Zealand,NZL,2023,0.31157982,
Non-DAC countries,,1990,7.180487,"Qatar, Saudi Arabia, Turkey, UAE, among others"
Non-DAC countries,,1991,3.4766073,"Qatar, Saudi Arabia, Turkey, UAE, among others"
Non-DAC countries,,1992,1.4220291,"Qatar, Saudi Arabia, Turkey, UAE, among others"
Non-DAC countries,,1993,1.2690685,"Qatar, Saudi Arabia, Turkey, UAE, among others"
Non-DAC countries,,1994,1.1267098,"Qatar, Saudi Arabia, Turkey, UAE, among others"
Non-DAC countries,,1995,0.7288731,"Qatar, Saudi Arabia, Turkey, UAE, among others"
Non-DAC countries,,1996,0.8091326,"Qatar, Saudi Arabia, Turkey, UAE, among others"
Non-DAC countries,,1997,0.92781556,"Qatar, Saudi Arabia, Turkey, UAE, among others"
Non-DAC countries,,1998,1.0308033,"Qatar, Saudi Arabia, Turkey, UAE, among others"
Non-DAC countries,,1999,0.76329446,"Qatar, Saudi Arabia, Turkey, UAE, among others"
Non-DAC countries,,2000,0.69073427,"Qatar, Saudi Arabia, Turkey, UAE, among others"
Non-DAC countries,,2001,0.34031835,"Qatar, Saudi Arabia, Turkey, UAE, among others"
Non-DAC countries,,2002,1.1148101,"Qatar, Saudi Arabia, Turkey, UAE, among others"
Non-DAC countries,,2003,1.173123,"Qatar, Saudi Arabia, Turkey, UAE, among others"
Non-DAC countries,,2004,0.7614676,"Qatar, Saudi Arabia, Turkey, UAE, among others"
Non-DAC countries,,2005,0.34253782,"Qatar, Saudi Arabia, Turkey, UAE, among others"
Non-DAC countries,,2006,0.38744876,"Qatar, Saudi Arabia, Turkey, UAE, among others"
Non-DAC countries,,2007,0.41393158,"Qatar, Saudi Arabia, Turkey, UAE, among others"
Non-DAC countries,,2008,0.5377192,"Qatar, Saudi Arabia, Turkey, UAE, among others"
Non-DAC countries,,2009,0.33289912,"Qatar, Saudi Arabia, Turkey, UAE, among others"
Non-DAC countries,,2010,0.17073108,"Qatar, Saudi Arabia, Turkey, UAE, among others"
Non-DAC countries,,2011,0.21038201,"Qatar, Saudi Arabia, Turkey, UAE, among others"
Non-DAC countries,,2012,0.12134783,"Qatar, Saudi Arabia, Turkey, UAE, among others"
Non-DAC countries,,2013,0.32404917,"Qatar, Saudi Arabia, Turkey, UAE, among others"
Non-DAC countries,,2014,0.4983863,"Qatar, Saudi Arabia, Turkey, UAE, among others"
Non-DAC countries,,2015,0.24048875,"Qatar, Saudi Arabia, Turkey, UAE, among others"
Non-DAC countries,,2016,0.31346256,"Qatar, Saudi Arabia, Turkey, UAE, among others"
Non-DAC countries,,2017,0.3140617,"Qatar, Saudi Arabia, Turkey, UAE, among others"
Non-DAC countries,,2018,0.31671408,"Qatar, Saudi Arabia, Turkey, UAE, among others"
Non-DAC countries,,2019,0.25042397,"Qatar, Saudi Arabia, Turkey, UAE, among others"
Non-DAC countries,,2020,0.25101534,"Qatar, Saudi Arabia, Turkey, UAE, among others"
Non-DAC countries,,2021,0.4179418,"Qatar, Saudi Arabia, Turkey, UAE, among others"
Non-DAC countries,,2022,0.32819775,"Qatar, Saudi Arabia, Turkey, UAE, among others"
Non-DAC countries,,2023,0.30182472,"Qatar, Saudi Arabia, Turkey, UAE, among others"
Norway,NOR,1960,0.11479028,
Norway,NOR,1961,0.13793103,
Norway,NOR,1962,0.13721804,
Norway,NOR,1963,0.17247388,
Norway,NOR,1964,0.15141957,
Norway,NOR,1965,0.16130866,
Norway,NOR,1966,0.18328983,
Norway,NOR,1967,0.17209023,
Norway,NOR,1968,0.29348066,
Norway,NOR,1969,0.30071282,
Norway,NOR,1970,0.33150065,
Norway,NOR,1971,0.33729178,
Norway,NOR,1972,0.42841676,
Norway,NOR,1973,0.45141456,
Norway,NOR,1974,0.56900877,
Norway,NOR,1975,0.6542982,
Norway,NOR,1976,0.7095945,
Norway,NOR,1977,0.8416883,
Norway,NOR,1978,0.90301967,
Norway,NOR,1979,0.9481099,
Norway,NOR,1980,0.87103367,
Norway,NOR,1981,0.8460913,
Norway,NOR,1982,1.0280845,
Norway,NOR,1983,1.0964415,
Norway,NOR,1984,1.0266358,
Norway,NOR,1985,1.0103415,
Norway,NOR,1986,1.1675446,
Norway,NOR,1987,1.0946515,
Norway,NOR,1988,1.1271304,
Norway,NOR,1989,1.046473,
Norway,NOR,1990,1.1679432,
Norway,NOR,1991,1.1334778,
Norway,NOR,1992,1.1643391,
Norway,NOR,1993,1.010148,
Norway,NOR,1994,1.0524528,
Norway,NOR,1995,0.86011654,
Norway,NOR,1996,0.83441913,
Norway,NOR,1997,0.8401137,
Norway,NOR,1998,0.8880647,
Norway,NOR,1999,0.87669986,
Norway,NOR,2000,0.76410806,
Norway,NOR,2001,0.7974159,
Norway,NOR,2002,0.88839877,
Norway,NOR,2003,0.91944945,
Norway,NOR,2004,0.87397414,
Norway,NOR,2005,0.94044936,
Norway,NOR,2006,0.8853058,
Norway,NOR,2007,0.95191246,
Norway,NOR,2008,0.8890266,
Norway,NOR,2009,1.0585371,
Norway,NOR,2010,1.0509878,
Norway,NOR,2011,0.9638281,
Norway,NOR,2012,0.92939407,
Norway,NOR,2013,1.0747874,
Norway,NOR,2014,1.0004284,
Norway,NOR,2015,1.0457361,
Norway,NOR,2016,1.1216059,
Norway,NOR,2017,0.99271715,
Norway,NOR,2018,0.9407737,
Norway,NOR,2019,1.0261012,
Norway,NOR,2020,1.1090919,
Norway,NOR,2021,0.92620355,
Norway,NOR,2022,0.8634571,
Norway,NOR,2023,1.0919259,
Poland,POL,1998,0.011751412,
Poland,POL,1999,0.013107671,
Poland,POL,2000,0.01825729,
Poland,POL,2001,0.02046831,
Poland,POL,2003,0.013145899,
Poland,POL,2004,0.04858656,
Poland,POL,2005,0.068460844,
Poland,POL,2006,0.0888419,
Poland,POL,2007,0.1014285,
Poland,POL,2008,0.07538908,
Poland,POL,2009,0.089455985,
Poland,POL,2010,0.08350559,
Poland,POL,2011,0.08416973,
Poland,POL,2012,0.08991729,
Poland,POL,2013,0.09610266,
Poland,POL,2014,0.08563203,
Poland,POL,2015,0.09583637,
Poland,POL,2016,0.14708927,
Poland,POL,2017,0.13468836,
Poland,POL,2018,0.13598083,
Poland,POL,2019,0.13865176,
Poland,POL,2020,0.143632,
Poland,POL,2021,0.15185356,
Poland,POL,2022,0.53019714,
Poland,POL,2023,0.33346608,
Portugal,PRT,1980,0.016736403,
Portugal,PRT,1981,0.026315788,
Portugal,PRT,1982,0.01826484,
Portugal,PRT,1983,0.061538465,
Portugal,PRT,1984,0.043243244,
Portugal,PRT,1985,0.04830918,
Portugal,PRT,1986,0.07586207,
Portugal,PRT,1987,0.112044826,
Portugal,PRT,1988,0.20612746,
Portugal,PRT,1989,0.24730982,
Portugal,PRT,1990,0.23894636,
Portugal,PRT,1991,0.2979621,
Portugal,PRT,1992,0.34550226,
Portugal,PRT,1993,0.27676472,
Portugal,PRT,1994,0.34443358,
Portugal,PRT,1995,0.24960549,
Portugal,PRT,1996,0.20560767,
Portugal,PRT,1997,0.24829137,
Portugal,PRT,1998,0.24225393,
Portugal,PRT,1999,0.2559504,
Portugal,PRT,2000,0.2607254,
Portugal,PRT,2001,0.25097525,
Portugal,PRT,2002,0.27166015,
Portugal,PRT,2003,0.21966225,
Portugal,PRT,2004,0.62714547,
Portugal,PRT,2005,0.21106613,
Portugal,PRT,2006,0.21176864,
Portugal,PRT,2007,0.21960442,
Portugal,PRT,2008,0.27029628,
Portugal,PRT,2009,0.23420684,
Portugal,PRT,2010,0.29369512,
Portugal,PRT,2011,0.30889818,
Portugal,PRT,2012,0.28052717,
Portugal,PRT,2013,0.22670475,
Portugal,PRT,2014,0.18951878,
Portugal,PRT,2015,0.15818585,
Portugal,PRT,2016,0.17129806,
Portugal,PRT,2017,0.1789837,
Portugal,PRT,2018,0.1772968,
Portugal,PRT,2019,0.17164007,
Portugal,PRT,2020,0.18390113,
Portugal,PRT,2021,0.18302503,
Portugal,PRT,2022,0.21061236,
Portugal,PRT,2023,0.18780012,
Qatar,QAT,2019,0.31685516,
Qatar,QAT,2020,0.41842437,
Qatar,QAT,2021,0.38174266,
Qatar,QAT,2022,0.3650522,
Qatar,QAT,2023,0.33612564,
Romania,ROU,2008,0.089678824,
Romania,ROU,2009,0.07627001,
Romania,ROU,2010,0.0713963,
Romania,ROU,2011,0.08747698,
Romania,ROU,2012,0.08545967,
Romania,ROU,2013,0.0740409,
Romania,ROU,2014,0.1079954,
Romania,ROU,2015,0.090952784,
Romania,ROU,2016,0.10956006,
Romania,ROU,2017,0.10605798,
Romania,ROU,2018,0.106406085,
Romania,ROU,2019,0.10307919,
Romania,ROU,2020,0.1262625,
Romania,ROU,2021,0.14963596,
Romania,ROU,2022,0.14153366,
Romania,ROU,2023,0.16075525,
Russia,RUS,2010,0.0329935,
Russia,RUS,2011,0.02919819,
Russia,RUS,2012,0.023848752,
Russia,RUS,2013,0.034036048,
Russia,RUS,2014,0.049082626,
Russia,RUS,2015,0.09046608,
Russia,RUS,2016,0.10074797,
Russia,RUS,2017,0.07731852,
Russia,RUS,2018,0.06040636,
Russia,RUS,2019,0.074502945,
Russia,RUS,2020,0.066702306,
Saudi Arabia,SAU,2018,0.56020564,
Saudi Arabia,SAU,2019,0.24421741,
Saudi Arabia,SAU,2020,0.25451016,
Saudi Arabia,SAU,2021,1.0115002,
Saudi Arabia,SAU,2022,0.59215194,
Saudi Arabia,SAU,2023,0.50968915,
Slovakia,SVK,1999,0.037619177,
Slovakia,SVK,2000,0.030894188,
Slovakia,SVK,2001,0.040808283,
Slovakia,SVK,2002,0.02403987,
Slovakia,SVK,2003,0.046320945,
Slovakia,SVK,2004,0.07207368,
Slovakia,SVK,2006,0.103232615,
Slovakia,SVK,2007,0.09304222,
Slovakia,SVK,2008,0.10007315,
Slovakia,SVK,2009,0.08652743,
Slovakia,SVK,2010,0.08543214,
Slovakia,SVK,2011,0.09131071,
Slovakia,SVK,2012,0.08860662,
Slovakia,SVK,2013,0.09335575,
Slovakia,SVK,2014,0.086086325,
Slovakia,SVK,2015,0.10125511,
Slovakia,SVK,2016,0.121043,
Slovakia,SVK,2017,0.13196343,
Slovakia,SVK,2018,0.13139772,
Slovakia,SVK,2019,0.11145142,
Slovakia,SVK,2020,0.13769749,
Slovakia,SVK,2021,0.1370057,
Slovakia,SVK,2022,0.15387651,
Slovakia,SVK,2023,0.1357613,
Slovenia,SVN,2005,0.10639212,
Slovenia,SVN,2006,0.11941393,
Slovenia,SVN,2007,0.12043237,
Slovenia,SVN,2008,0.12911397,
Slovenia,SVN,2009,0.14879611,
Slovenia,SVN,2010,0.12679373,
Slovenia,SVN,2011,0.12879977,
Slovenia,SVN,2012,0.13018243,
Slovenia,SVN,2013,0.12983514,
Slovenia,SVN,2014,0.12453397,
Slovenia,SVN,2015,0.14923154,
Slovenia,SVN,2016,0.18706182,
Slovenia,SVN,2017,0.15891922,
Slovenia,SVN,2018,0.1560498,
Slovenia,SVN,2019,0.16537891,
Slovenia,SVN,2020,0.17432284,
Slovenia,SVN,2021,0.19088294,
Slovenia,SVN,2022,0.2867926,
Slovenia,SVN,2023,0.24268788,
South Korea,KOR,1987,0.017623689,
South Korea,KOR,1988,0.0189099,
South Korea,KOR,1989,0.015340291,
South Korea,KOR,1990,0.023210362,
South Korea,KOR,1991,0.01868624,
South Korea,KOR,1992,0.02332305,
South Korea,KOR,1993,0.030869696,
South Korea,KOR,1994,0.03320561,
South Korea,KOR,1995,0.022500005,
South Korea,KOR,1996,0.028663335,
South Korea,KOR,1997,0.036141057,
South Korea,KOR,1998,0.053668465,
South Korea,KOR,1999,0.07216026,
South Korea,KOR,2000,0.041614503,
South Korea,KOR,2001,0.055008434,
South Korea,KOR,2002,0.050917607,
South Korea,KOR,2003,0.060375802,
South Korea,KOR,2004,0.062029913,
South Korea,KOR,2005,0.09521921,
South Korea,KOR,2006,0.051305078,
South Korea,KOR,2007,0.07166712,
South Korea,KOR,2008,0.08583552,
South Korea,KOR,2009,0.09746779,
South Korea,KOR,2010,0.11569171,
South Korea,KOR,2011,0.11852268,
South Korea,KOR,2012,0.14068535,
South Korea,KOR,2013,0.13351986,
South Korea,KOR,2014,0.13066643,
South Korea,KOR,2015,0.13818337,
South Korea,KOR,2016,0.15903369,
South Korea,KOR,2017,0.14383005,
South Korea,KOR,2018,0.13666464,
South Korea,KOR,2019,0.14859529,
South Korea,KOR,2020,0.13630815,
South Korea,KOR,2021,0.15694028,
South Korea,KOR,2022,0.16540773,
South Korea,KOR,2023,0.16892329,
Spain,ESP,1980,0.07706946,
Spain,ESP,1981,0.13012575,
Spain,ESP,1982,0.1330327,
Spain,ESP,1983,0.044117644,
Spain,ESP,1984,0.08490566,
Spain,ESP,1985,0.10280147,
Spain,ESP,1986,0.08896673,
Spain,ESP,1987,0.08095171,
Spain,ESP,1988,0.072046444,
Spain,ESP,1989,0.14244735,
Spain,ESP,1990,0.19872321,
Spain,ESP,1991,0.2417109,
Spain,ESP,1992,0.26769105,
Spain,ESP,1993,0.27526528,
Spain,ESP,1994,0.27672815,
Spain,ESP,1995,0.24302469,
Spain,ESP,1996,0.218164,
Spain,ESP,1997,0.2354446,
Spain,ESP,1998,0.24357389,
Spain,ESP,1999,0.23015957,
Spain,ESP,2000,0.21642935,
Spain,ESP,2001,0.30279756,
Spain,ESP,2002,0.26271668,
Spain,ESP,2003,0.23362422,
Spain,ESP,2004,0.23933542,
Spain,ESP,2005,0.27190098,
Spain,ESP,2006,0.31510186,
Spain,ESP,2007,0.3670604,
Spain,ESP,2008,0.44663596,
Spain,ESP,2009,0.45923862,
Spain,ESP,2010,0.42840567,
Spain,ESP,2011,0.28634784,
Spain,ESP,2012,0.15585138,
Spain,ESP,2013,0.17389807,
Spain,ESP,2014,0.13443321,
Spain,ESP,2015,0.11675552,
Spain,ESP,2016,0.34267554,
Spain,ESP,2017,0.1949487,
Spain,ESP,2018,0.20274723,
Spain,ESP,2019,0.2088952,
Spain,ESP,2020,0.23261446,
Spain,ESP,2021,0.2569795,
Spain,ESP,2022,0.30271626,
Spain,ESP,2023,0.24063233,
Sweden,SWE,1960,0.051419802,
Sweden,SWE,1961,0.058988772,
Sweden,SWE,1962,0.119974054,
Sweden,SWE,1963,0.13655336,
Sweden,SWE,1964,0.1756829,
Sweden,SWE,1965,0.18513842,
Sweden,SWE,1966,0.25345212,
Sweden,SWE,1967,0.24792874,
Sweden,SWE,1968,0.27915528,
Sweden,SWE,1969,0.4329741,
Sweden,SWE,1970,0.35161206,
Sweden,SWE,1971,0.43606567,
Sweden,SWE,1972,0.46143258,
Sweden,SWE,1973,0.52823746,
Sweden,SWE,1974,0.6943859,
Sweden,SWE,1975,0.77919436,
Sweden,SWE,1976,0.7769224,
Sweden,SWE,1977,0.9457455,
Sweden,SWE,1978,0.86024886,
Sweden,SWE,1979,0.91832036,
Sweden,SWE,1980,0.7811328,
Sweden,SWE,1981,0.8266205,
Sweden,SWE,1982,1.0166986,
Sweden,SWE,1983,0.840826,
Sweden,SWE,1984,0.8038087,
Sweden,SWE,1985,0.8619522,
Sweden,SWE,1986,0.8468048,
Sweden,SWE,1987,0.881512,
Sweden,SWE,1988,0.8597876,
Sweden,SWE,1989,0.95959616,
Sweden,SWE,1990,0.9073061,
Sweden,SWE,1991,0.8953724,
Sweden,SWE,1992,1.0296177,
Sweden,SWE,1993,0.98510516,
Sweden,SWE,1994,0.96474457,
Sweden,SWE,1995,0.7655961,
Sweden,SWE,1996,0.8350649,
Sweden,SWE,1997,0.790889,
Sweden,SWE,1998,0.7154915,
Sweden,SWE,1999,0.69780445,
Sweden,SWE,2000,0.80125827,
Sweden,SWE,2001,0.7662542,
Sweden,SWE,2002,0.8363831,
Sweden,SWE,2003,0.79453856,
Sweden,SWE,2004,0.77729094,
Sweden,SWE,2005,0.9421979,
Sweden,SWE,2006,1.0248072,
Sweden,SWE,2007,0.9347178,
Sweden,SWE,2008,0.979578,
Sweden,SWE,2009,1.1214101,
Sweden,SWE,2010,0.9695273,
Sweden,SWE,2011,1.018801,
Sweden,SWE,2012,0.9738991,
Sweden,SWE,2013,1.0137793,
Sweden,SWE,2014,1.094402,
Sweden,SWE,2015,1.4045491,
Sweden,SWE,2016,0.94068146,
Sweden,SWE,2017,1.0188779,
Sweden,SWE,2018,1.0718663,
Sweden,SWE,2019,0.95619756,
Sweden,SWE,2020,1.1389104,
Sweden,SWE,2021,0.90676194,
Sweden,SWE,2022,0.8912181,
Sweden,SWE,2023,0.926162,
Switzerland,CHE,1960,0.040792536,
Switzerland,CHE,1961,0.08220604,
Switzerland,CHE,1962,0.04600939,
Switzerland,CHE,1963,0.053173244,
Switzerland,CHE,1964,0.07153966,
Switzerland,CHE,1965,0.085137084,
Switzerland,CHE,1966,0.08701473,
Switzerland,CHE,1967,0.08176101,
Switzerland,CHE,1968,0.14069767,
Switzerland,CHE,1969,0.1591902,
Switzerland,CHE,1970,0.14046277,
Switzerland,CHE,1971,0.110105984,
Switzerland,CHE,1972,0.2053614,
Switzerland,CHE,1973,0.15357278,
Switzerland,CHE,1974,0.13776693,
Switzerland,CHE,1975,0.1848216,
Switzerland,CHE,1976,0.1907916,
Switzerland,CHE,1977,0.18834159,
Switzerland,CHE,1978,0.19682348,
Switzerland,CHE,1979,0.21402115,
Switzerland,CHE,1980,0.23869681,
Switzerland,CHE,1981,0.23993722,
Switzerland,CHE,1982,0.24952997,
Switzerland,CHE,1983,0.31426325,
Switzerland,CHE,1984,0.29724833,
Switzerland,CHE,1985,0.31117943,
Switzerland,CHE,1986,0.29794106,
Switzerland,CHE,1987,0.3061643,
Switzerland,CHE,1988,0.3193042,
Switzerland,CHE,1989,0.29889128,
Switzerland,CHE,1990,0.29989338,
Switzerland,CHE,1991,0.3407982,
Switzerland,CHE,1992,0.43340713,
Switzerland,CHE,1993,0.30896655,
Switzerland,CHE,1994,0.348363,
Switzerland,CHE,1995,0.32551017,
Switzerland,CHE,1996,0.31921092,
Switzerland,CHE,1997,0.31872725,
Switzerland,CHE,1998,0.30570048,
Switzerland,CHE,1999,0.33858564,
Switzerland,CHE,2000,0.32419994,
Switzerland,CHE,2001,0.3310922,
Switzerland,CHE,2002,0.31725878,
Switzerland,CHE,2003,0.3617193,
Switzerland,CHE,2004,0.38613448,
Switzerland,CHE,2005,0.42181626,
Switzerland,CHE,2006,0.37544894,
Switzerland,CHE,2007,0.37077448,
Switzerland,CHE,2008,0.4217315,
Switzerland,CHE,2009,0.44173035,
Switzerland,CHE,2010,0.39302823,
Switzerland,CHE,2011,0.45843726,
Switzerland,CHE,2012,0.46756068,
Switzerland,CHE,2013,0.45513868,
Switzerland,CHE,2014,0.49387017,
Switzerland,CHE,2015,0.50784236,
Switzerland,CHE,2016,0.53224254,
Switzerland,CHE,2017,0.4527919,
Switzerland,CHE,2018,0.43912473,
Switzerland,CHE,2019,0.43934286,
Switzerland,CHE,2020,0.49131817,
Switzerland,CHE,2021,0.49994648,
Switzerland,CHE,2022,0.5607425,
Switzerland,CHE,2023,0.60192007,
Taiwan,TWN,2005,0.13872255,
Taiwan,TWN,2006,0.14422265,
Taiwan,TWN,2007,0.13409756,
Taiwan,TWN,2008,0.11100626,
Taiwan,TWN,2009,0.13048954,
Taiwan,TWN,2010,0.10060118,
Taiwan,TWN,2011,0.09341736,
Taiwan,TWN,2012,0.062263705,
Taiwan,TWN,2013,0.05400276,
Taiwan,TWN,2014,0.05006194,
Taiwan,TWN,2015,0.047235858,
Taiwan,TWN,2016,0.059812754,
Taiwan,TWN,2017,0.055705,
Taiwan,TWN,2018,0.050604437,
Taiwan,TWN,2019,0.049849257,
Taiwan,TWN,2020,0.059217,
Taiwan,TWN,2021,0.040561955,
Taiwan,TWN,2022,0.049165025,
Taiwan,TWN,2023,0.0602134,
Thailand,THA,2006,0.036482226,
Thailand,THA,2007,0.03560501,
Thailand,THA,2008,0.08999332,
Thailand,THA,2009,0.018728754,
Thailand,THA,2010,0.0013155965,
Thailand,THA,2011,0.00656736,
Thailand,THA,2012,0.0030111962,
Thailand,THA,2013,0.009674227,
Thailand,THA,2014,0.018350698,
Thailand,THA,2015,0.016971227,
Thailand,THA,2016,0.045592863,
Thailand,THA,2017,0.032531984,
Thailand,THA,2018,0.027475523,
Thailand,THA,2019,0.0289168,
Thailand,THA,2020,0.012985602,
Thailand,THA,2021,0.014298018,
Thailand,THA,2022,0.012504012,
Thailand,THA,2023,0.012907257,
Turkey,TUR,1990,0.0019699,
Turkey,TUR,1991,0.07782203,
Turkey,TUR,1992,0.05430062,
Turkey,TUR,1993,0.035504814,
Turkey,TUR,1994,0.044024482,
Turkey,TUR,1995,0.06228705,
Turkey,TUR,1996,0.047712155,
Turkey,TUR,1997,0.039878786,
Turkey,TUR,1998,0.033299122,
Turkey,TUR,1999,0.06495078,
Turkey,TUR,2000,0.040692385,
Turkey,TUR,2001,0.043269034,
Turkey,TUR,2002,0.04055632,
Turkey,TUR,2003,0.038447775,
Turkey,TUR,2004,0.11273691,
Turkey,TUR,2005,0.1662766,
Turkey,TUR,2006,0.17873111,
Turkey,TUR,2007,0.09143029,
Turkey,TUR,2008,0.10519931,
Turkey,TUR,2009,0.11450087,
Turkey,TUR,2010,0.13122444,
Turkey,TUR,2011,0.16483405,
Turkey,TUR,2012,0.3221827,
Turkey,TUR,2013,0.40337437,
Turkey,TUR,2014,0.44882494,
Turkey,TUR,2015,0.50052994,
Turkey,TUR,2016,0.7554724,
Turkey,TUR,2017,0.9537872,
Turkey,TUR,2018,1.0983207,
Turkey,TUR,2019,1.1500722,
Turkey,TUR,2020,1.1418772,
Turkey,TUR,2021,0.96067786,
Turkey,TUR,2022,0.7858862,
Turkey,TUR,2023,0.6181356,
United Arab Emirates,ARE,2009,0.3695946,
United Arab Emirates,ARE,2010,0.1447375,
United Arab Emirates,ARE,2011,0.2065512,
United Arab Emirates,ARE,2012,0.2037653,
United Arab Emirates,ARE,2013,1.3416669,
United Arab Emirates,ARE,2014,1.259867,
United Arab Emirates,ARE,2015,1.1823359,
United Arab Emirates,ARE,2016,1.2083899,
United Arab Emirates,ARE,2017,1.0269192,
United Arab Emirates,ARE,2018,0.9284493,
United Arab Emirates,ARE,2019,0.5490415,
United Arab Emirates,ARE,2020,0.5213449,
United Arab Emirates,ARE,2021,0.40113577,
United Arab Emirates,ARE,2022,0.27825934,
United Arab Emirates,ARE,2023,0.39935958,
United Kingdom,GBR,1960,0.5628114,
United Kingdom,GBR,1961,0.59163326,
United Kingdom,GBR,1962,0.51885635,
United Kingdom,GBR,1963,0.48024562,
United Kingdom,GBR,1964,0.5266361,
United Kingdom,GBR,1965,0.46927816,
United Kingdom,GBR,1966,0.4533582,
United Kingdom,GBR,1967,0.43987748,
United Kingdom,GBR,1968,0.4009624,
United Kingdom,GBR,1969,0.42801952,
United Kingdom,GBR,1970,0.38909563,
United Kingdom,GBR,1971,0.4413156,
United Kingdom,GBR,1972,0.41915932,
United Kingdom,GBR,1973,0.3550665,
United Kingdom,GBR,1974,0.39747143,
United Kingdom,GBR,1975,0.38410473,
United Kingdom,GBR,1976,0.3875637,
United Kingdom,GBR,1977,0.43956423,
United Kingdom,GBR,1978,0.4553064,
United Kingdom,GBR,1979,0.514652,
United Kingdom,GBR,1980,0.34684366,
United Kingdom,GBR,1981,0.42564455,
United Kingdom,GBR,1982,0.37146866,
United Kingdom,GBR,1983,0.35226643,
United Kingdom,GBR,1984,0.33395234,
United Kingdom,GBR,1985,0.33393073,
United Kingdom,GBR,1986,0.3127541,
United Kingdom,GBR,1987,0.27540073,
United Kingdom,GBR,1988,0.32062286,
United Kingdom,GBR,1989,0.31200248,
United Kingdom,GBR,1990,0.2737446,
United Kingdom,GBR,1991,0.31923425,
United Kingdom,GBR,1992,0.31173974,
United Kingdom,GBR,1993,0.31222093,
United Kingdom,GBR,1994,0.30745938,
United Kingdom,GBR,1995,0.28588507,
United Kingdom,GBR,1996,0.27418944,
United Kingdom,GBR,1997,0.26248914,
United Kingdom,GBR,1998,0.27438694,
United Kingdom,GBR,1999,0.23616424,
United Kingdom,GBR,2000,0.31748632,
United Kingdom,GBR,2001,0.31901875,
United Kingdom,GBR,2002,0.30902418,
United Kingdom,GBR,2003,0.34227598,
United Kingdom,GBR,2004,0.36267436,
United Kingdom,GBR,2005,0.47269437,
United Kingdom,GBR,2006,0.51408184,
United Kingdom,GBR,2007,0.35530916,
United Kingdom,GBR,2008,0.43036872,
United Kingdom,GBR,2009,0.50755,
United Kingdom,GBR,2010,0.5726019,
United Kingdom,GBR,2011,0.56248575,
United Kingdom,GBR,2012,0.5619208,
United Kingdom,GBR,2013,0.7046705,
United Kingdom,GBR,2014,0.7007015,
United Kingdom,GBR,2015,0.70475847,
United Kingdom,GBR,2016,0.7001136,
United Kingdom,GBR,2017,0.69848734,
United Kingdom,GBR,2018,0.6954356,
United Kingdom,GBR,2019,0.7032956,
United Kingdom,GBR,2020,0.69809335,
United Kingdom,GBR,2021,0.5039171,
United Kingdom,GBR,2022,0.51030284,
United Kingdom,GBR,2023,0.57851106,
United States,USA,1960,0.5396664,
United States,USA,1961,0.5724745,
United States,USA,1962,0.58286476,
United States,USA,1963,0.5970152,
United States,USA,1964,0.560295,
United States,USA,1965,0.57776666,
United States,USA,1966,0.5008129,
United States,USA,1967,0.40786025,
United States,USA,1968,0.43632108,
United States,USA,1969,0.35654315,
United States,USA,1970,0.3163052,
United States,USA,1971,0.2872737,
United States,USA,1972,0.33203456,
United States,USA,1973,0.19918656,
United States,USA,1974,0.25454503,
United States,USA,1975,0.26681194,
United States,USA,1976,0.25197935,
United States,USA,1977,0.24247588,
United States,USA,1978,0.26035485,
United States,USA,1979,0.19267997,
United States,USA,1980,0.26916197,
United States,USA,1981,0.19369073,
United States,USA,1982,0.2651593,
United States,USA,1983,0.24310888,
United States,USA,1984,0.23684067,
United States,USA,1985,0.23578236,
United States,USA,1986,0.22668879,
United States,USA,1987,0.20244758,
United States,USA,1988,0.20904537,
United States,USA,1989,0.1495908,
United States,USA,1990,0.20941392,
United States,USA,1991,0.19976941,
United States,USA,1992,0.19610436,
United States,USA,1993,0.15431404,
United States,USA,1994,0.143404,
United States,USA,1995,0.10178929,
United States,USA,1996,0.12277255,
United States,USA,1997,0.08533393,
United States,USA,1998,0.10041119,
United States,USA,1999,0.09834458,
United States,USA,2000,0.1002658,
United States,USA,2001,0.11250579,
United States,USA,2002,0.12669034,
United States,USA,2003,0.14861788,
United States,USA,2004,0.1690522,
United States,USA,2005,0.22603299,
United States,USA,2006,0.17746845,
United States,USA,2007,0.15645328,
United States,USA,2008,0.18345754,
United States,USA,2009,0.20577644,
United States,USA,2010,0.20263167,
United States,USA,2011,0.20357373,
United States,USA,2012,0.1856089,
United States,USA,2013,0.18173747,
United States,USA,2014,0.18568777,
United States,USA,2015,0.16752563,
United States,USA,2016,0.18609959,
United States,USA,2017,0.17680258,
United States,USA,2018,0.1641679,
United States,USA,2019,0.15441363,
United States,USA,2020,0.1671298,
United States,USA,2021,0.20097998,
United States,USA,2022,0.2345579,
United States,USA,2023,0.23943987,